INSERT INTO author (id, name, date_of_birth) VALUES (1, 'John Doe', '1990-09-06');
INSERT INTO author (id, name, date_of_birth) VALUES (2, 'JK Rowling', '1965-07-31');
INSERT INTO author (id, name, date_of_birth) VALUES (3, 'Brookly guy', '1995-06-10');
INSERT INTO author (id, name, date_of_birth) VALUES (4, 'Larry', '1666-06-06');
INSERT INTO author (id, name, date_of_birth) VALUES (5, 'Wario', '1992-04-01');
INSERT INTO author (id, name, date_of_birth) VALUES (6, 'Barbara lanny', '1990-10-02');
INSERT INTO author (id, name, date_of_birth) VALUES (7, 'Lina Fanni', '2000-02-28');
INSERT INTO author (id, name, date_of_birth) VALUES (8, 'Sodja Damn', '2018-03-12');
INSERT INTO author (id, name, date_of_birth) VALUES (9, 'LOL Timmy', '2018-06-15');
INSERT INTO author (id, name, date_of_birth) VALUES (10, 'Albert tavu', '2005-05-10');
INSERT INTO author (id, name, date_of_birth) VALUES (11, 'Le père dorio', '2013-10-08');
INSERT INTO author (id, name, date_of_birth) VALUES (12, 'Anonymous', '2007-07-07');
INSERT INTO author (id, name, date_of_birth) VALUES (13, 'Maya labeille', '2002-02-26');

INSERT INTO book (id, title, description, book_cover, author, added_date, volume_number) VALUES (1, 'Captain underpants', 'This is a story about a funny hero', 'https://picsum.photos/id/237/250', 1, '2012-05-05', 1);
INSERT INTO book (id, title, description, book_cover, author, added_date, volume_number) VALUES (2, 'Captain underpants: larry havoc', 'Same story but with a new bad guy', 'https://picsum.photos/id/167/250', 1, '2012-10-05', 2);
INSERT INTO book (id, title, description, book_cover, author, added_date, volume_number) VALUES (3, 'Harry potters', 'Everybody know harry potters', 'https://picsum.photos/id/16/250', 2, '1997-06-26', 1);
INSERT INTO book (id, title, description, book_cover, author, added_date, volume_number) VALUES (4, 'Harry potters', 'Everybody know harry potters', 'https://picsum.photos/id/17/250', 2, '1999-03-23', 2);
INSERT INTO book (id, title, description, book_cover, author, added_date, volume_number) VALUES (5, 'How to do every job', 'This book will teach you everything about doign a job', 'https://picsum.photos/id/1/250', 3, '2009-01-10', 1);
INSERT INTO book (id, title, description, book_cover, author, added_date, volume_number) VALUES (6, 'How to be evil', 'I will teach you how to be evil', 'https://picsum.photos/id/666/250', 4, '2012-05-05', 1);
INSERT INTO book (id, title, description, book_cover, author, added_date, volume_number) VALUES (7, 'How to be evil part 2', 'I will teach you how to be evil', 'https://picsum.photos/id/667/250', 4, '2012-12-12', 2);
INSERT INTO book (id, title, description, book_cover, author, added_date, volume_number) VALUES (8, 'How to be evil part 3', 'I will teach you how to be evil', 'https://picsum.photos/id/668/250', 4, '2012-01-01', 3);
INSERT INTO book (id, title, description, book_cover, author, added_date, volume_number) VALUES (9, 'How to be evil part 4', 'I will teach you how to be evil', 'https://picsum.photos/id/669/250', 4, '2012-01-02', 4);
INSERT INTO book (id, title, description, book_cover, author, added_date, volume_number) VALUES (10, 'How to be evil part 5', 'Please give me your soul', 'https://picsum.photos/id/670/250', 4, '2012-01-03', 5);
INSERT INTO book (id, title, description, book_cover, author, added_date, volume_number) VALUES (11, 'Wario microgames', 'Buy my stuffs', 'https://picsum.photos/id/23/250', 5, '2005-05-05', 1);
INSERT INTO book (id, title, description, book_cover, author, added_date, volume_number) VALUES (12, 'Wario microgames 2', 'Buy my stuffs more', 'https://picsum.photos/id/65/250', 5, '2005-05-05', 2);
INSERT INTO book (id, title, description, book_cover, author, added_date, volume_number) VALUES (13, 'The curious incident', 'One night one dog died but who did it?', 'https://picsum.photos/id/132/250', 6, '2002-10-24', 1);
INSERT INTO book (id, title, description, book_cover, author, added_date, volume_number) VALUES (14, 'The curious incident: closer and closer', 'So many witness and suspects', 'https://picsum.photos/id/134/250', 6, '2003-05-13', 2);
INSERT INTO book (id, title, description, book_cover, author, added_date, volume_number) VALUES (15, 'The curious incident: found it!', 'We found the guilty, it was ...', 'https://picsum.photos/id/135/250', 6, '2005-03-30', 3);
INSERT INTO book (id, title, description, book_cover, author, added_date, volume_number) VALUES (16, 'Story of my life', 'I did basically everything I am a god u know...', 'https://picsum.photos/id/361/250', 3, '2012-07-01', 1);
INSERT INTO book (id, title, description, book_cover, author, added_date, volume_number) VALUES (17, 'How to write a good song', 'My song are the best in the world!', 'https://picsum.photos/id/167/250', 8, '2015-11-11', 1);
INSERT INTO book (id, title, description, book_cover, author, added_date, volume_number) VALUES (18, 'Little kitty cat: the flower', 'little kitty discover a flower', 'https://picsum.photos/id/250/250', 7, '2001-04-20', 1);
INSERT INTO book (id, title, description, book_cover, author, added_date, volume_number) VALUES (19, 'Little kitty cat: the ball', 'little kitty discover a ball', 'https://picsum.photos/id/251/250', 7, '2001-04-30', 1);
INSERT INTO book (id, title, description, book_cover, author, added_date, volume_number) VALUES (20, 'Little kitty cat: the spider', 'little kitty is afraid of a spider', 'https://picsum.photos/id/252/250', 7, '2001-02-10', 1);
INSERT INTO book (id, title, description, book_cover, author, added_date, volume_number) VALUES (21, 'How to be a pro at Fortnite', 'Also you will learn how to win free Vbucks', 'https://picsum.photos/id/271/250', 9, '2018-09-16', 1);
INSERT INTO book (id, title, description, book_cover, author, added_date, volume_number) VALUES (22, 'Skibidi toilets: a new adventure', 'the entire lore', 'https://picsum.photos/id/39/250', 9, '2023-05-19', 1);
INSERT INTO book (id, title, description, book_cover, author, added_date, volume_number) VALUES (23, 'How to troll in Minecraft', 'this book will teach everything about minecraft', 'https://picsum.photos/id/64/250', 9, '2020-03-18', 1);
INSERT INTO book (id, title, description, book_cover, author, added_date, volume_number) VALUES (24, 'Story of France', '10 stories about the France culture', 'https://picsum.photos/id/888/250', 10, '2004-06-28', 1);
INSERT INTO book (id, title, description, book_cover, author, added_date, volume_number) VALUES (25, 'Window for dummies', 'THe best book to give to your grandparents so they can leave you alone', 'https://picsum.photos/id/3/250', 11, '2001-07-12', 1);
INSERT INTO book (id, title, description, book_cover, author, added_date, volume_number) VALUES (26, 'Java for dummies', 'The beginner book to learn Java', 'https://picsum.photos/id/4/250', 11, '2007-03-05', 1);
INSERT INTO book (id, title, description, book_cover, author, added_date, volume_number) VALUES (27, 'Microsoft Excel for dummies', 'the book to learn about Excel', 'https://picsum.photos/id/5/250', 11, '2010-10-10', 1);
INSERT INTO book (id, title, description, book_cover, author, added_date, volume_number) VALUES (28, 'The government is controlling u', 'Are you ready to hear the truth and to face the one who is controlling us?', 'https://picsum.photos/id/42/250', 12, '2017-02-21', 1);
INSERT INTO book (id, title, description, book_cover, author, added_date, volume_number) VALUES (29, 'Mary the bee', 'a little adventure about a tiny bee', 'https://picsum.photos/id/684/250', 13, '2003-11-12', 1);
INSERT INTO book (id, title, description, book_cover, author, added_date, volume_number) VALUES (30, 'Mary the bee', 'a little adventure about a tiny bee', 'https://picsum.photos/id/685/250', 13, '2003-11-12', 2);

INSERT INTO book_genres (book_id, genre) VALUES (1, 'Comical');
INSERT INTO book_genres (book_id, genre) VALUES (2, 'Comical');
INSERT INTO book_genres (book_id, genre) VALUES (3, 'Fantasy');
INSERT INTO book_genres (book_id, genre) VALUES (4, 'Fantasy');
INSERT INTO book_genres (book_id, genre) VALUES (5, 'Tutorial');
INSERT INTO book_genres (book_id, genre) VALUES (6, 'Tutorial');
INSERT INTO book_genres (book_id, genre) VALUES (7, 'Tutorial');
INSERT INTO book_genres (book_id, genre) VALUES (8, 'Tutorial');
INSERT INTO book_genres (book_id, genre) VALUES (9, 'Tutorial');
INSERT INTO book_genres (book_id, genre) VALUES (10, 'Tutorial');
INSERT INTO book_genres (book_id, genre) VALUES (11, 'Videos games');
INSERT INTO book_genres (book_id, genre) VALUES (12, 'Videos games');
INSERT INTO book_genres (book_id, genre) VALUES (13, 'Detective');
INSERT INTO book_genres (book_id, genre) VALUES (13, 'Horror');
INSERT INTO book_genres (book_id, genre) VALUES (14, 'Detective');
INSERT INTO book_genres (book_id, genre) VALUES (14, 'Horror');
INSERT INTO book_genres (book_id, genre) VALUES (15, 'Detective');
INSERT INTO book_genres (book_id, genre) VALUES (15, 'Horror');
INSERT INTO book_genres (book_id, genre) VALUES (16, 'History');
INSERT INTO book_genres (book_id, genre) VALUES (17, 'Tutorial');
INSERT INTO book_genres (book_id, genre) VALUES (18, 'Children');
INSERT INTO book_genres (book_id, genre) VALUES (19, 'Children');
INSERT INTO book_genres (book_id, genre) VALUES (20, 'Children');
INSERT INTO book_genres (book_id, genre) VALUES (21, 'Tutorial');
INSERT INTO book_genres (book_id, genre) VALUES (22, 'History');
INSERT INTO book_genres (book_id, genre) VALUES (23, 'Tutorial');
INSERT INTO book_genres (book_id, genre) VALUES (24, 'History');
INSERT INTO book_genres (book_id, genre) VALUES (25, 'Tutorial');
INSERT INTO book_genres (book_id, genre) VALUES (26, 'Tutorial');
INSERT INTO book_genres (book_id, genre) VALUES (27, 'Tutorial');
INSERT INTO book_genres (book_id, genre) VALUES (28, 'Sci-Fi');
INSERT INTO book_genres (book_id, genre) VALUES (29, 'Children');
INSERT INTO book_genres (book_id, genre) VALUES (29, 'Fantasy');
INSERT INTO book_genres (book_id, genre) VALUES (30, 'Children');
INSERT INTO book_genres (book_id, genre) VALUES (30, 'Fantasy');

INSERT INTO status (id, name) VALUES ('CLIT', 'Client');
INSERT INTO status (id, name) VALUES ('EMPL', 'Employe');
INSERT INTO status (id, name) VALUES ('ADMN', 'Admin');

INSERT INTO users (id, username, email, password, status, created_at) VALUES (1, 'Billy', 'billy@gmail.com','ghghorgjergjorhp_erghp','CLIT','2025-02-05');
INSERT INTO users (id, username, email, password, status, created_at) VALUES (2, 'John', 'pork@gmail.com','6f48hj1r45errh1eh5','EMPL','2020-10-08');
INSERT INTO users (id, username, email, password, status, created_at) VALUES (3, 'Jake', 'jake@gmail.com','mirijgmerimith646r8h4r','EMPL','2022-10-11');
INSERT INTO users (id, username, email, password, status, created_at) VALUES (4, 'Claire', 'claire@gmail.com','5er4ge5r2g6qer5ger2','EMPL','2021-12-11');
INSERT INTO users (id, username, email, password, status, created_at) VALUES (5, 'Trolly', 'trololol@gmail.com','62e5ge4rg68e4g68','CLIT','2023-03-03');
INSERT INTO users (id, username, email, password, status, created_at) VALUES (6, 'Thatguy', 'iamhim@gmail.com','64g684g6e464h68eh46','CLIT','2023-03-03');
INSERT INTO users (id, username, email, password, status, created_at) VALUES (7, 'George', 'curious@gmail.com','468er4g16g5468461z6eg','CLIT','1986-06-10');
INSERT INTO users (id, username, email, password, status, created_at) VALUES (8, 'Blake', 'whatabadname@gmail.com','64er43g6g6e4rg68erg','CLIT','1999-08-20');
INSERT INTO users (id, username, email, password, status, created_at) VALUES (9, 'Pro', 'IamPro@gmail.com','erg13q5ee6rgq3683erg46','CLIT','2010-10-03');
INSERT INTO users (id, username, email, password, status, created_at) VALUES (10, 'Lola', 'lola@gmail.com','98e4f84e5613ze1f5','EMPL','2018-03-03');
INSERT INTO users (id, username, email, password, status, created_at) VALUES (11, 'Neo', 'redpilled@gmail.com','rth468rt4h31tsh6r8t4h6','ADMN','2000-01-01');

INSERT INTO reservation (id, user_id, begin_date, end_date) VALUES (1, 1,'2016-05-12', '2016-05-22');
INSERT INTO reservation (id, user_id, begin_date, end_date) VALUES (2, 1,'2017-11-13', '2017-11-23');
INSERT INTO reservation (id, user_id, begin_date, end_date) VALUES (3, 5,'2018-02-02', '2018-02-22');
INSERT INTO reservation (id, user_id, begin_date, end_date) VALUES (4, 1,'2019-08-01', '2019-08-20');
INSERT INTO reservation (id, user_id, begin_date, end_date) VALUES (5, 6,'2016-08-08', '2016-08-18');
INSERT INTO reservation (id, user_id, begin_date, end_date) VALUES (6, 6,'2017-05-05', '2017-05-25');
INSERT INTO reservation (id, user_id, begin_date, end_date) VALUES (7, 7,'2009-06-06', '2009-06-16');
INSERT INTO reservation (id, user_id, begin_date, end_date) VALUES (8, 7,'2013-10-02', '2013-10-12');
INSERT INTO reservation (id, user_id, begin_date, end_date) VALUES (9, 8,'2005-12-10', '2006-01-10');
INSERT INTO reservation (id, user_id, begin_date, end_date) VALUES (10, 8,'2006-01-01', '2006-01-10');
INSERT INTO reservation (id, user_id, begin_date, end_date) VALUES (11, 9,'2012-11-01', '2006-12-01');
INSERT INTO reservation (id, user_id, begin_date, end_date) VALUES (12, 9,'2023-05-06', '2006-06-06');

INSERT INTO reservation_content (book_id, reservation_id) VALUES (1,1);
INSERT INTO reservation_content (book_id, reservation_id) VALUES (2,1);
INSERT INTO reservation_content (book_id, reservation_id) VALUES (5,1);
INSERT INTO reservation_content (book_id, reservation_id) VALUES (3,2);
INSERT INTO reservation_content (book_id, reservation_id) VALUES (4,2);
INSERT INTO reservation_content (book_id, reservation_id) VALUES (5,3);
INSERT INTO reservation_content (book_id, reservation_id) VALUES (6,3);
INSERT INTO reservation_content (book_id, reservation_id) VALUES (7,3);
INSERT INTO reservation_content (book_id, reservation_id) VALUES (8,3);
INSERT INTO reservation_content (book_id, reservation_id) VALUES (9,3);
INSERT INTO reservation_content (book_id, reservation_id) VALUES (10,3);
INSERT INTO reservation_content (book_id, reservation_id) VALUES (13,4);
INSERT INTO reservation_content (book_id, reservation_id) VALUES (14,4);
INSERT INTO reservation_content (book_id, reservation_id) VALUES (15,4);
INSERT INTO reservation_content (book_id, reservation_id) VALUES (5,5);
INSERT INTO reservation_content (book_id, reservation_id) VALUES (16,5);
INSERT INTO reservation_content (book_id, reservation_id) VALUES (11,6);
INSERT INTO reservation_content (book_id, reservation_id) VALUES (12,6);
INSERT INTO reservation_content (book_id, reservation_id) VALUES (29,6);
INSERT INTO reservation_content (book_id, reservation_id) VALUES (30,6);
INSERT INTO reservation_content (book_id, reservation_id) VALUES (17,7);
INSERT INTO reservation_content (book_id, reservation_id) VALUES (25,7);
INSERT INTO reservation_content (book_id, reservation_id) VALUES (18,8);
INSERT INTO reservation_content (book_id, reservation_id) VALUES (19,8);
INSERT INTO reservation_content (book_id, reservation_id) VALUES (20,8);
INSERT INTO reservation_content (book_id, reservation_id) VALUES (24,9);
INSERT INTO reservation_content (book_id, reservation_id) VALUES (25,9);
INSERT INTO reservation_content (book_id, reservation_id) VALUES (26,9);
INSERT INTO reservation_content (book_id, reservation_id) VALUES (1,10);
INSERT INTO reservation_content (book_id, reservation_id) VALUES (3,10);
INSERT INTO reservation_content (book_id, reservation_id) VALUES (29,10);
INSERT INTO reservation_content (book_id, reservation_id) VALUES (28,11);
INSERT INTO reservation_content (book_id, reservation_id) VALUES (21,12);
INSERT INTO reservation_content (book_id, reservation_id) VALUES (22,12);
INSERT INTO reservation_content (book_id, reservation_id) VALUES (23,12);