INSERT INTO author (id, name, bio, date_of_birth) VALUES
(1, 'George Orwell', 'British author, famous for his dystopian novels.', '1903-06-25'),
(2, 'J.K. Rowling', 'British novelist, creator of the Harry Potter series.', '1965-07-31'),
(3, 'Harper Lee', 'American author known for "To Kill a Mockingbird."', '1926-04-28'),
(4, 'F. Scott Fitzgerald', '20th-century American writer.', '1896-09-24'),
(5, 'J.R.R. Tolkien', 'British author, professor, and philologist.', '1892-01-03'),
(6, 'Dan Gookin', 'Dan Gookin is the author of the first book released in 1992 in the "For Dummies" series.', '1960-10-19'),
(7, 'Tui T. Sutherland', 'An American author of children''s books.', '1978-07-31'),
(8, 'Edward Gibbon', 'British historian and politician.', '1737-06-08'),
(9, 'Stephen Edwin King', 'A very famous American author known for his contributions to the horror genre', '1947-09-21'),
(10, 'Jeff Kidney', 'An American game designer and author of children''s books including the Diary of a Wimpy Kid book series.', '1971-02-19'),
(11, 'Kevin Cunningham', 'Author of several books, including biographies of Joseph Stalin and J. Edgar Hoover and a series on diseases in human history.', '1966-01-01'),
(12, 'Frank Herbert', 'American science-fiction author, best known for his 1965 novel Dune and its five sequels', '1920-10-08');

INSERT INTO book (id, title, description, book_cover, author, added_date, publish_date, volume_number, total_pages) VALUES
(1, '1984', 'Nineteen Eighty-Four centres on the consequences of totalitarianism, mass surveillance, and repressive regimentation of persons and behaviours within society. Orwell, himself a democratic socialist, modelled the authoritarian government in the novel after Stalinist Russia.', 'https://covers.openlibrary.org/b/id/7222246-L.jpg', 1, '2015-05-05', '1984-01-01', NULL, 460),
(2, 'Harry Potter and the Sorcerer''s Stone', 'When mysterious letters start arriving on his doorstep, Harry Potter has never heard of Hogwarts School of Witchcraft and Wizardry.', 'https://covers.openlibrary.org/b/id/15109429-L.jpg', 2, '2015-05-05', '1997-01-01', 1, 246),
(3, 'Harry Potter and the Chamber of Secrets', 'Throughout the summer holidays after his first year at Hogwarts School of Witchcraft and Wizardry, Harry Potter has been receiving sinister warnings from a house-elf called Dobby.', 'https://covers.openlibrary.org/b/isbn/9780738301426-L.jpg', 2, '2015-05-05', '1999-01-01', 2, 341),
(4, 'Harry Potter and the Prisoner of Azkaban', 'For Harry Potter, it''s the start of another far-from-ordinary year at Hogwarts when the Knight Bus crashes through the darkness and comes to an abrupt halt in front of him.', 'https://covers.openlibrary.org/b/isbn/9781338878943-L.jpg', 2, '2015-05-05', '1999-06-08', 3, 317),
(5, 'Harry Potter & the Goblet of Fire', 'When Harry Potter wakes one morning with a searing pain in the lightning-shaped scar on his forehead, he is not sure what it means.', 'https://covers.openlibrary.org/b/isbn/9781408834992-L.jpg', 2, '2015-05-05', '2000-07-08', 4, 636),
(6, 'Harry Potter and the Order of the Phoenix', 'After the Dementors'' attack on his cousin Dudley, Harry knows he is about to become Voldemort''s next target. Although many are denying the Dark Lord''s return, Harry is not alone, and a secret order is gathering at Grimmauld Place to fight against the Dark forces.', 'https://covers.openlibrary.org/b/isbn/9781338878967-L.jpg', 2, '2015-05-05', '2003-06-21', 5, 896),
(7, 'Harry Potter & the Half-Blood Prince', 'Suspicion and fear blow through the wizarding world as news of the Dark Lord''s attack on the Ministry of Magic spreads. Harry has not told anyone about the future predicted by the prophecy in the Department of Mysteries, nor how deeply what happened to Sirius Black affected him.', 'https://covers.openlibrary.org/b/isbn/9781408865446-L.jpg', 2, '2015-05-05', '2005-06-16', 6, 652),
(8, 'Harry Potter and the Deathly Hallows', 'Harry Potter is leaving Privet Drive for the last time. But as he climbs into the sidecar of Hagrid''s motorbike and they take to the skies, he knows Lord Voldemort and the Death Eaters will not be far behind.', 'https://covers.openlibrary.org/b/isbn/9780747595823-L.jpg', 2, '2015-05-05', '2007-07-21', 7, 759),
(9, 'To Kill a Mockingbird', 'A gripping, heart-wrenching, and wholly remarkable tale of coming-of-age in a South poisoned by virulent prejudice, it views a world of great beauty and savage inequities through the eyes of a young girl, as her father -- a crusading local lawyer -- risks everything to defend a black man unjustly accused of a terrible crime.', 'https://covers.openlibrary.org/b/olid/OL22199990M-L.jpg', 3, '2015-05-05', '1960-01-01', NULL, 285),
(10, 'The Great Gatsby', 'Here is a novel, glamorous, ironical, compassionate – a marvelous fusion into unity of the curious incongruities of the life of the period – which reveals a hero like no other – one who could live at no other time and in no other place. But he will live as a character, we surmise, as long as the memory of any reader lasts.', 'https://covers.openlibrary.org/b/olid/OL35657482M-L.jpg', 4, '2015-05-05', '1925-04-10', NULL, 208),
(11, 'The Lord of the Rings: The Fellowship of the Ring', 'The dark fearsome Ringwraiths were searching for a hobbit. Frodo Baggins knew they were seeking him and the Ring he bore - the Ring of Power that would enable evil Sauron to destroy all that was good in Middle-earth. Now it was up to Frodo and his faithful servant Sam, with a small band of companions, to carry the Ring to the one place it could be destroyed - Mount Doom, in the very center of Sauron''s dark kingdom.', 'https://covers.openlibrary.org/b/isbn/9780345296054-L.jpg', 5, '2015-05-05', '1954-07-29', 1, 423),
(12, 'The Lord of the Rings: The Two Towers', 'After losing Gandalf and being divided from their other companions during an Orc attack, Frodo and Sam continue towards Mordor, Land of the Enemy, to destroy the Ring, accompanied only by a mysterious figure that follows them.', 'https://covers.openlibrary.org/b/lccn/67012276-L.jpg', 5, '2015-05-05', '1954-11-11', 2, 352),
(13, 'The Lord of the Rings: The Return of the King', 'The Return of the King is the towering climax to J. R. R. Tolkien''s trilogy, "The Lord of the Rings." In these three volumes, which form one continuous narrative, Tolkien created the saga of the hobbits of Middle-earth and the Great War of the Rings.', 'https://covers.openlibrary.org/b/isbn/9780345253453-L.jpg', 5, '2015-05-05', '1955-10-20', 3, 432),
(14, 'PCs for Dummies', 'Get the latest edition of the bestselling PC book on the planet! What better way to make friends with your new PC than with this new edition of the bestselling PC book in the world?', 'https://covers.openlibrary.org/b/isbn/9780764540745-L.jpg', 6, '2015-05-05', '1992-01-01', NULL, 432),
(15, 'The Internet for Dummies', 'Covers hardware, software, servers, e-mail, search engines, online shopping and auctions, resources for children, parental guidance, and privacy.', 'https://covers.openlibrary.org/b/isbn/9781118967690-L.jpg', 6, '2015-05-05', '1993-01-01', NULL, 366),
(16, 'SQL for Dummies', 'Learn SQL the fun and easy way -- no programming experience needed! SQL For Dummies, 7th Edition, shows programmers and web developers how to use SQL to build relational databases and get valuable information from them.', 'https://covers.openlibrary.org/b/isbn/0764507370-L.jpg', 6, '2015-05-05', '1993-01-01', NULL, 431),
(17, 'Hacking For Dummies', 'While you''re reading this, a hacker could be prying and spying his way into your company''s IT systems, sabotaging your operations, stealing confidential information, shutting down your Web site, or wreaking havoc in other diabolical ways.', 'https://covers.openlibrary.org/b/isbn/9780764573781-L.jpg', 6, '2015-05-05', '2004-01-01', NULL, 416),
(18, 'Wings of Fire: Dragonet Prophecy', 'Wings of Fire the Dragonet Prophecy is about 5 dragonets bound to save the world from a war between 3 queens: Blister, Blaze, and Burn. Raised under the mountain within the Claws of the Clouds Mountains, they meet Queen Scarlet and kill Dune. Webs escapes while Clay, Sunny, Glory, Tsunami, Starflight, and Kestrel all get captured and go to the Sky Kingdom.', 'https://covers.openlibrary.org/b/isbn/9780545534901-L.jpg', 7, '2015-05-05', '2012-07-01', 1, 304),
(19, 'Wings of Fire: The Lost Heir', 'Tsunami the SeaWing is overjoyed to be reunited with her fellow ocean-dwelling dragons. For the first time in her life, she actually fits in. But not everything is as perfect as it seems underwater.', 'https://covers.openlibrary.org/b/isbn/9781338104042-L.jpg', 7, '2015-05-05', '2013-01-01', 2, 444),
(20, 'Wings of Fire: The Hidden Kingdom', 'Glory knows the dragon world is wrong about her tribe. After all, she isn''t "as lazy as a RainWing" -- she isn''t lazy at all! Maybe she wasn''t meant to be one of the dragonets of destiny, as the older dragons constantly remind her, but Glory is sharp and her venom is deadly... except, of course, no one knows it.', 'https://covers.openlibrary.org/b/isbn/9780545349253-L.jpg', 7, '2015-05-05', '2013-06-28', 3, 336),
(21, 'The History of the Decline & Fall of the Roman Empire', 'Gibbon''s masterpiece, which narrates the history of the Roman Empire from the second century A.D. to its collapse in the west in the fifth century and in the east in the fifteenth century, is widely considered the greatest work of history ever written.', 'https://covers.openlibrary.org/b/olid/OL19367174M-L.jpg', 8, '2015-05-05', '1906-01-01', NULL, 1232),
(22, 'Memoirs of the Public Character and Life of Alexander the First, Emperor of all the Russias', 'A biography of Alexander the First, Emperor of Russia from 1801.', 'https://covers.openlibrary.org/b/olid/OL23420824M-L.jpg', 8, '2015-05-05', '1819-01-01', NULL, 196),
(23, 'Salem''s Lot', 'Salem''s Lot tells the story of evil in small-town America. For the first time in a major trade edition, this terrifying novel is accompanied by previously unpublished material from King''s archive, two short stories, and eerie photographs that bring King''s fictional darkness and evil to vivid life.', 'https://covers.openlibrary.org/b/isbn/0385516487-L.jpg', 9, '2015-05-05', '2005-12-01', NULL, 594),
(24, 'Carrie', 'The story of misfit high-school girl, Carrie White, who gradually discovers that she has telekinetic powers. Repressed by a domineering, ultra-religious mother and tormented by her peers at school, her efforts to fit in lead to a dramatic confrontation during the senior prom.', 'https://covers.openlibrary.org/b/isbn/9780340922842-L.jpg', 9, '2015-05-05', '1999-01-01', NULL, 226),
(25, 'Misery', 'Novelist Paul Sheldon has plans to make the difficult transition from writing historical romances featuring heroine Misery Chastain to publishing literary fiction. Annie Wilkes, Sheldon''s number one fan, rescues the author from the scene of a car accident. The former nurse takes care of him in her remote house, but becomes irate when she discovers that the author has killed Misery off in his latest book.', 'https://covers.openlibrary.org/b/isbn/9781444741292-L.jpg', 9, '2015-05-05', '2011-01-01', NULL, 386),
(26, 'It', 'They were seven teenagers when they first stumbled upon the horror. Now they are grown-up men and women who have gone out into the big world to gain success and happiness. But none of them can withstand the force that has drawn them back to Derry to face the nightmare without an end, and the evil without a name...', 'https://covers.openlibrary.org/b/isbn/9780451159274-L.jpg', 9, '2015-05-05', '1987-09-01', NULL, 1090),
(27, 'Diary of a Wimpy Kid', 'Greg Heffley finds himself thrust into middle school, where undersized weaklings like him share the hallways with much bigger kids who are already shaving. But nothing scares Greg more than the moldy piece of cheese on the blacktop. Can he and his best friend, Rowley Jefferson, make it through the year without getting the Cheese Touch?', 'https://covers.openlibrary.org/b/isbn/9780810993136-L.jpg', 10, '2015-05-05', '2007-04-01', 1, 226),
(28, 'Diary of a Wimpy Kid: Greg Rules', 'Greg Heffley tells about his summer vacation and his attempts to steer clear of trouble when he returns to middle school and tries to keep his older brother Rodrick from telling everyone about Greg''s most humiliating experience of the summer.', 'https://covers.openlibrary.org/b/isbn/9780810994737-L.jpg', 10, '2015-05-05', '2008-02-01', 2, 520),
(29, 'Video Games: From Concept to Consumer', 'Looks at how people in science, technology, engineering, and math (STEM) careers are helping to build our future. Discover how people use STEM skills to solve problems and innovate throughout history.', 'https://covers.openlibrary.org/b/olid/OL26469890M-L.jpg', 11, '2015-05-05', '2014-01-01', NULL, 64),
(30, 'Dune', 'Set on the desert planet Arrakis, Dune is the story of the boy Paul Atreides, heir to a noble family tasked with ruling an inhospitable world where the only thing of value is the "spice" melange, a drug capable of extending life and enhancing consciousness. Coveted across the known universe, melange is a prize worth killing for...', 'https://covers.openlibrary.org/b/olid/OL26242482M-L.jpg', 12, '2015-05-05', '1965-10-01', 1, 541);

INSERT INTO book_status (book_id, is_available, quality) VALUES
(1, true, 'DAMAGED'),
(2, true, 'NEW'),
(3, true, 'NEW'),
(4, true, 'GOOD'),
(5, true, 'NEW'),
(6, true, 'DAMAGED'),
(7, true, 'GOOD'),
(8, true, 'DAMAGED'),
(9, true, 'GOOD'),
(10, true, 'NEW'),
(11, true, 'DAMAGED'),
(12, true, 'GOOD'),
(13, true, 'DAMAGED'),
(14, true, 'DAMAGED'),
(15, true, 'GOOD'),
(16, true, 'GOOD'),
(17, true, 'NEW'),
(18, true, 'GOOD'),
(19, true, 'GOOD'),
(20, true, 'NEW'),
(21, true, 'DAMAGED'),
(22, true, 'GOOD'),
(23, true, 'GOOD'),
(24, true, 'NEW'),
(25, true, 'NEW'),
(26, true, 'DAMAGED'),
(27, true, 'GOOD'),
(28, true, 'GOOD'),
(29, true, 'DAMAGED'),
(30, true, 'GOOD');

INSERT INTO book_genres (book_id, genre) VALUES 
(1, 'History'),
(2, 'Adventure'),
(2, 'Fantasy'),
(3, 'Adventure'),
(3, 'Fantasy'),
(4, 'Adventure'),
(4, 'Fantasy'),
(5, 'Adventure'),
(5, 'Fantasy'),
(6, 'Adventure'),
(6, 'Fantasy'),
(7, 'Adventure'),
(7, 'Fantasy'),
(8, 'Adventure'),
(8, 'Fantasy'),
(9, 'History'),
(10, 'History'),
(11, 'Adventure'),
(11, 'Fantasy'),
(12, 'Adventure'),
(12, 'Fantasy'),
(13, 'Adventure'),
(13, 'Fantasy'),
(14, 'Tutorial'),
(15, 'Tutorial'),
(16, 'Tutorial'),
(17, 'Tutorial'),
(18, 'Adventure'),
(18, 'Fantasy'),
(18, 'Children'),
(19, 'Adventure'),
(19, 'Fantasy'),
(19, 'Children'),
(20, 'Adventure'),
(20, 'Fantasy'),
(20, 'Children'),
(21, 'History'),
(22, 'History'),
(23, 'Horror'),
(24, 'Fantasy'),
(25, 'Detective'),
(26, 'Horror'),
(27, 'Children'),
(27, 'Comedy'),
(28, 'Children'),
(29, 'Video games'),
(30, 'Sci-Fi'),
(30, 'Adventure');

INSERT INTO users (id, username, email, password, role, created_at, active) VALUES
(1, 'Alice', 'alice.dupont@gmail.com', '$2y$10$hNRsARaLooYXWswGF0FTje9PQlSO7P8nAlGwTy/UEJk1DIFZohN66', 'ROLE_CUSTOMER', '2022-05-15', true),
(2, 'Marc', 'marc.leroy@gmail.com', '$2y$10$eIDjowv5shF1vnupLrtu6.Gr548vI77roXX5HHswzzTQ5A8uB3/yS', 'ROLE_EMPLOYEE', '2020-10-08', true),
(3, 'Sophie', 'sophie.moreau@outlook.com', '$2y$10$k01Ky97CSjL7NhxjlM/qd.LGX4ec4lLfDD5d6wRvQs9COAGpl8rem', 'ROLE_EMPLOYEE', '2021-03-12', true),
(4, 'Lucas', 'lucas.martin@outlook.com', '$2y$10$KoYskNxRlcVoCNjcl9OcZeFiJczV/FCevMHXdr0lS3bbEKNUjFln2', 'ROLE_CUSTOMER', '2023-01-20', true),
(5, 'Emma', 'emma.bernard@ymail.com', '$2y$10$qg5OIjyJ/KgkIdr2/pBHIexywJy2oOWC00YCwoxAG1g6W5EjHmWba', 'ROLE_CUSTOMER', '2023-03-03', true),
(6, 'Nicolas', 'nicolas.roux@ymail.com', '$2y$10$sdWqE4YGVali3PrJtjf0.Ovhba085hYAPzi0WhXFqloLN19IvvHBu', 'ROLE_CUSTOMER', '2021-11-11', true),
(7, 'Clara', 'clara.fournier@outlook.com', '$2y$10$eNwPfl/WXcSpLXa8PZRLEem4ZiyiCd/AqozLXMzcZSTlj.xlcT/jG', 'ROLE_CUSTOMER', '2019-06-10', true),
(8, 'Thomas', 'thomas.renard@gmail.com', '$2y$10$1pvGlBAaguu5aBW29OqyZeuNKKAxnAMJH7FQz8NeNyL2AO3IjMMWO', 'ROLE_CUSTOMER', '2020-08-20', true),
(9, 'Julie', 'julie.marchand@ymail.com', '$2y$10$qct71QcPBZMuHT4sGg9gWugCvU4zA//7IEAxseQS3jjb2hiO7ONDa', 'ROLE_CUSTOMER', '2021-10-03', true),
(10, 'Antoine', 'antoine.paul@outlook.com', '$2y$10$kZ3d0GoTcVfS0qw5ds9GmeYYguuwzP1yMjC8uZD9VcDxiWDZ5cy4e', 'ROLE_EMPLOYEE', '2018-03-03', true),
(11, 'Admin', 'admin.bibliotheque@gmail.com', '$2y$10$4nh.J1d/ZWDmA6bN4mOxZ..Pvr/sjtJlNCXEaqcbqjcTRmw./BBRW', 'ROLE_ADMIN', '2017-01-01', true);

INSERT INTO reservation (id, user_id, begin_date, end_date) VALUES
(1, 1,'2016-05-12', '2016-05-22'),
(2, 1,'2017-11-13', '2017-11-23'),
(3, 5,'2018-02-02', '2018-02-22'),
(4, 1,'2019-08-01', '2019-08-20'),
(5, 6,'2016-08-08', '2016-08-18'),
(6, 6,'2017-05-05', '2017-05-25'),
(7, 7,'2009-06-06', '2009-06-16'),
(8, 7,'2013-10-02', '2013-10-12'),
(9, 8,'2005-12-10', '2006-01-10'),
(10, 8,'2006-01-01', '2006-01-10'),
(11, 9,'2025-06-01', '2026-06-06'),
(12, 9,'2023-05-06', '2023-05-26');

INSERT INTO reservation_content (book_id, reservation_id) VALUES 
(1,1),
(2,1),
(5,1),
(3,2),
(4,2),
(5,3),
(6,3),
(7,3),
(8,3),
(9,3),
(10,3),
(13,4),
(14,4),
(15,4),
(5,5),
(16,5),
(11,6),
(12,6),
(29,6),
(30,6),
(17,7),
(25,7),
(18,8),
(19,8),
(20,8),
(24,9),
(25,9),
(26,9),
(1,10),
(3,10),
(29,10),
(28,11),
(21,12),
(22,12),
(23,12);

ALTER TABLE author ALTER COLUMN id RESTART WITH 13;
ALTER TABLE book ALTER COLUMN id RESTART WITH 31;
ALTER TABLE users ALTER COLUMN id RESTART WITH 12;
ALTER TABLE reservation ALTER COLUMN id RESTART WITH 13;